St/Dis,Prefix,FirstName,MiddleName,LastName,Suffix,WEBSITE,District Address Line 1,District Address Line 2,Distrcit Address Line 3,District Phone,DC Address,City,State,Zip+4,BioguideID,Party
AK00,The Honorable,Don,,Young,,http://donyoung.house.gov/,4241 B Street,Suite 203,"Anchorage, AK 99503",(907) 271-5978,2314 Rayburn House Office Building,Washington,DC,20515-0200,Y000033,R
AL01,The Honorable,Bradley,,Byrne,,https://byrne.house.gov/,Baldwin County Office,502 West Lee Avenue,"Summerdale, AL 36580",251-989-2664,119 Cannon House Office Building,Washington,DC,20515-0101,B001289,R
AL02,The Honorable,Martha,,Roby,,http://roby.house.gov/,505 E. Three Notch Street,#322,"Andalusia, AL 36420",(334) 428-1129,442 Cannon House Office Building,Washington,DC,20515-0102,R000591,R
AL03,The Honorable,Mike,,Rogers,,https://mikerogers.house.gov/,1129 Noble St,#104,"Anniston, AL 36201",(256) 236-5655,324 Cannon House Office Building,Washington,DC,20515-0103,R000575,R
AL04,The Honorable,Robert,B.,Aderholt,,https://aderholt.house.gov/,205 4th Ave NE,#104,"Cullman, AL 35055",(256) 734-6043,235 Cannon House Office Building,Washington,DC,20515-0104,A000055,R
AL05,The Honorable,Mo,,Brooks,,https://brooks.house.gov/,302 Lee Street,Room 86,"Decatur, AL 35601",(256) 355-9400,1230 Longworth House Office Building,Washington,DC,20515-0105,B001274,R
AL06,The Honorable,Gary,J.,Palmer,,https://palmer.house.gov/,3535 Grandview Parkway,Suite 525,"Birmingham, AL 35243",(205) 968-1290,206 Cannon House Office Building,Washington,DC,20515-0106,P000609,R
AL07,The Honorable,Terri,A.,Sewell,,https://sewell.house.gov/,Two 20th Street North,Suite 1130,"Birmingham, AL 35203",(205) 254-1960,1133 Longworth House Office Building,Washington,DC,20515-0107,S001185,D
AR01,The Honorable,Eric,A. “Rick”,Crawford,,http://crawford.house.gov/,2400 Highland Drive,Suite 300,"Jonesboro, AR 72401",(870) 203-0540,1711 Longworth House Office Building,Washington,DC,20515-0401,C001087,R
AR02,The Honorable,J.,French,Hill,,https://hill.house.gov/,1105 Deer Street,Suite 12,"Conway, AR 72032",(501) 358-3481,1229 Longworth House Office Building,Washington,DC,20515-0402,H001072,R
AR03,The Honorable,Steve,,Womack,,http://womack.house.gov/,3333 Pinnacle Hills,Suite 120,"Rogers, AR 72758",(479) 464-0446,1119 Longworth House Office Building,Washington,DC,20515-0403,W000809,R
AR04,The Honorable,Bruce,,Westerman,,https://westerman.house.gov/,101 N. Washington Ave.,Suite 406,"El Dorado, AR 71730",(870) 864-8946,130 Cannon House Office Building,Washington,DC,20515-0404,W000821,R
AS00,The Honorable,Aumua Amata,Coleman,Radewagen,,https://radewagen.house.gov/,PO Box 5859,"Pago Pago, AS 96799",,(684) 633-3601,1339 Longworth House Office Building,Washington,DC,20515-5200,R000600,R
AZ02,The Honorable,Martha,,McSally,,https://mcsally.house.gov/,77 Calle Portal,Suite B-160,"Sierra Vista, AZ 85635",(520) 459-3115,1029 Longworth House Office Building,Washington,DC,20515-0302,M001197,R
AZ03,The Honorable,Raúl,M.,Grijalva,,https://grijalva.house.gov/,1412 N Central Ave,Suite B,"Avondale, AZ 85323",(623) 536-3388,1511 Longworth House Office Building,Washington,DC,20515-0303,G000551,D
AZ04,The Honorable,Paul,A.,Gosar,,http://gosar.house.gov/,122 N. Cortez Street,Suite 104,"Prescott, AZ 86301",(928) 445-1683,504 Cannon House Office Building,Washington,DC,20515-0304,G000565,R
AZ06,The Honorable,David,,Schweikert,,https://schweikert.house.gov/,10603 North Hayden Rd.,Ste. 108,"Scottsdale, AZ 85260",(480) 946-2411,409 Cannon House Office Building,Washington,DC,20515-0306,S001183,R
AZ07,The Honorable,Ruben,,Gallego,,https://rubengallego.house.gov/,411 N. Central Ave,Suite 150,"Phoenix, AZ 85004",(602) 256-0551,1218 Longworth House Office Building,Washington,DC,20515-0307,G000574,D
AZ08,The Honorable,Trent,,Franks,,https://franks.house.gov/,7121 West Bell Road,Suite 200,"Glendale, AZ 85308",(623) 776-7911,2435 Rayburn House Office Building,Washington,DC,20515-0308,F000448,R
AZ09,The Honorable,Kyrsten,,Sinema,,https://sinema.house.gov/,2944 N. 44th Street,Suite 150,"Phoenix, AZ 85018",602-956-2285,1530 Longworth House Office Building,Washington,DC,20515-0309,S001191,D
CA01,The Honorable,Doug,,LaMalfa,,http://lamalfa.house.gov/,2399 Rickenbacker Way,"Auburn, CA 95602",,(530) 878-5035,322 Cannon House Office Building,Washington,DC,20515-0501,L000578,R
CA02,The Honorable,Jared,,Huffman,,http://huffman.house.gov/,317 Third St.,Suite 1,"Eureka, CA 95501",(707) 407-3585,1630 Longworth House Office Building,Washington,DC,20515-0502,H001068,D
CA03,The Honorable,John,,Garamendi,,http://garamendi.house.gov/,412 G Street,"Davis, CA 95616",,530-753-5301,2438 Rayburn House Office Building,Washington,DC,20515-0503,G000559,D
CA04,The Honorable,Tom,,McClintock,,http://mcclintock.house.gov/,2200A Douglas Blvd,Suite 240,"Roseville, CA 95661",916-786-5560,2331 Rayburn House Office Building,Washington,DC,20515-0504,M001177,R
CA05,The Honorable,Mike,,Thompson,,http://mikethompson.house.gov/,2721 Napa Valley Corporate Drive,"Napa, CA 94558",,(707) 226-9898,231 Cannon House Office Building,Washington,DC,20515-0505,T000460,D
CA06,The Honorable,Doris,O.,Matsui,,https://matsui.house.gov/,501 I Street,"Robert T. Matsui U.S. Courthouse, Suite 12-600","Sacramento, CA 95814-7305",(916) 498-5600,2311 Rayburn House Office Building,Washington,DC,20515-0506,M001163,D
CA07,The Honorable,Ami,,Bera,,http://bera.house.gov/,8950 Cal Center Drive,"Building 3, Suite 100","Sacramento, CA 95826",(916) 635-0505,1535 Longworth House Office Building,Washington,DC,20515-0507,B001287,D
CA08,The Honorable,Paul,,Cook,,http://cook.house.gov/,14955 Dale Evans Parkway,Apple Valley Town Hall,"Apple Valley, CA 92307",760.247.1815,1222 Longworth House Office Building,Washington,DC,20515-0508,C001094,R
CA09,The Honorable,Jerry,,McNerney,,http://mcnerney.house.gov/,Antioch Community Center,4703 Lone Tree Way,"Antioch, CA 94531",(925) 754-0716,2265 Rayburn House Office Building,Washington,DC,20515-0509,M001166,D
CA10,The Honorable,Jeff,,Denham,,http://denham.house.gov/,4701 Sisk Road,Suite 202,"Modesto, CA 95356",(209) 579-5458,1730 Longworth House Office Building,Washington,DC,20515-0510,D000612,R
CA11,The Honorable,Mark,,DeSaulnier,,https://desaulnier.house.gov/,440 Civic Center Plaza,2nd Floor,"Richmond, CA 94804",(510) 620-1000,327 Cannon House Office Building,Washington,DC,20515-0511,D000623,D
CA12,The Honorable,Nancy,,Pelosi,,http://pelosi.house.gov/,90 7th Street,Suite 2-800,"San Francisco, CA 94103",(415) 556-4862,233 Cannon House Office Building,Washington,DC,20515-0512,P000197,D
CA13,The Honorable,Barbara,,Lee,,https://lee.house.gov/,1301 Clay Street,Ste. 1000-N,"Oakland, CA 94612",(510) 763-0370,2267 Rayburn House Office Building,Washington,DC,20515-0513,L000551,D
CA14,The Honorable,Jackie,,Speier,,https://speier.house.gov/,155 Bovet Rd,Suite 780,"San Mateo, CA 94402",(650) 342-0300,2465 Rayburn House Office Building,Washington,DC,20515-0514,S001175,D
CA15,The Honorable,Eric,,Swalwell,,https://swalwell.house.gov/,5075 Hopyard Road,Suite 220,"Pleasanton, CA 94588",(925) 460-5100,129 Cannon House Office Building,Washington,DC,20515-0515,S001193,D
CA16,The Honorable,Jim,,Costa,,https://costa.house.gov/contact/offices,855 M Street,Suite 940,"Fresno, CA 93721",559-495-1620,1314 Longworth House Office Building,Washington,DC,20515-0516,C001059,D
CA18,The Honorable,Anna,G.,Eshoo,,http://eshoo.house.gov/,698 Emerson Street,"Palo Alto, California 94301",,(650) 323-2984,241 Cannon House Office Building,Washington,DC,20515-0518,E000215,D
CA19,The Honorable,Zoe,,Lofgren,,https://lofgren.house.gov/contact/officeinformation.htm,635 North 1st Street,Suite B,"San Jose, CA 95112",(408) 271-8700,1401 Longworth House Office Building,Washington,DC,20515-0519,L000397,D
CA21,The Honorable,David,G.,Valadao,,http://valadao.house.gov/contact/officeinformation.htm,101 North Irwin Street,Suite 110B,"Hanford, California 93230",(559) 582-5526,1004 Longworth House Office Building,Washington,DC,20515-0521,V000129,R
CA22,The Honorable,Devin,,Nunes,,http://nunes.house.gov/contact/offices.htm,264 Clovis Avenue,Suite 206,"Clovis, CA 93612",(559) 323-5235,1013 Longworth House Office Building,Washington,DC,20515-0522,N000181,R
CA23,The Honorable,Kevin,,McCarthy,,http://kevinmccarthy.house.gov/contact/offices,4100 Empire Drive,Suite 150,"Bakersfield, CA 93309",(661) 327-3611,2421 Rayburn House Office Building,Washington,DC,20515-0523,M001165,R
CA25,The Honorable,Stephen,,Knight,,https://knight.house.gov/,1008 West Avenue M-14,Suite E,"Palmdale, CA 93551",(661) 441-0320,1023 Longworth House Office Building,Washington,DC,20515-0525,K000387,R
CA26,The Honorable,Julia,,Brownley,,http://juliabrownley.house.gov/,300 E. Esplanade Drive,Suite 470,"Oxnard, CA 93036",(805) 379-1779,1019 Longworth House Office Building,Washington,DC,20515-0526,B001285,D
CA27,The Honorable,Judy,,Chu,,https://chu.house.gov/,415 W. Foothill Blvd,Ste 122,"Claremont, CA 91711",(909) 625-5394,2423 Rayburn House Office Building,Washington,DC,20515-0527,C001080,D
CA28,The Honorable,Adam,B.,Schiff,,http://schiff.house.gov/,245 E. Olive Avenue,#200,"Burbank, California 91502",(323) 315-5555,2411 Rayburn House Office Building,Washington,DC,20515-0528,S001150,D
CA29,The Honorable,Tony,,Cárdenas,,https://cardenas.house.gov/,8134 Van Nuys Blvd.,Suite 206,"Panorama City, CA 91402",(818) 781-7407,1510 Longworth House Office Building,Washington,DC,20515-0529,C001097,D
CA30,The Honorable,Brad,,Sherman,,http://sherman.house.gov/,5000 Van Nuys Blvd,Suite 420,"Sherman Oaks, CA 91403",(818) 501-9200,2242 Rayburn House Office Building,Washington,DC,20515-0530,S000344,D
CA31,The Honorable,Pete,,Aguilar,,https://aguilar.house.gov/,685 E. Carnegie Drive,Suite 100,"San Bernardino, CA 92408",(909) 890-4445,1223 Longworth House Office Building,Washington,DC,20515-0531,A000371,D
CA32,The Honorable,Grace,F.,Napolitano,,http://napolitano.house.gov/,4401 Santa Anita Ave,Suite 201,"El Monte, CA 91731",626-350-0150,1610 Longworth House Office Building,Washington,DC,20515-0532,N000179,D
CA33,The Honorable,Ted,,Lieu,,https://lieu.house.gov/,5055 Wilshire Boulevard,Suite 310,"Los Angeles, CA 90036",(323) 651-1040,415 Cannon House Office Building,Washington,DC,20515-0533,L000582,D
CA34,The Honorable,Xavier,,Becerra,,https://becerra.house.gov/,350 South Bixel Street,Suite 120,"Los Angeles, CA 90017",213-481-1425,1226 Longworth House Office Building,Washington,DC,20515-0534,B000287,D
CA35,The Honorable,Norma,J.,Torres,,https://torres.house.gov/,3200 Inland Empire Blvd.,Suite 200B,"Ontario, CA 91764",(909) 481-6474,516 Cannon House Office Building,Washington,DC,20515-0535,T000474,D
CA36,The Honorable,Raul,,Ruiz,,https://ruiz.house.gov/,445 East Florida Ave,2nd Floor,"Hemet, CA 92543",951-765-2304,1319 Longworth House Office Building,Washington,DC,20515-0536,R000599,D
CA37,The Honorable,Karen,,Bass,,https://bass.house.gov/,4929 Wilshire Blvd,Suite 650,"Los Angeles, CA , CA 90010",(323) 965-1422,408 Cannon House Office Building,Washington,DC,20515-0537,B001270,D
CA38,The Honorable,Linda,T.,Sánchez,,https://lindasanchez.house.gov/,12440 E. Imperial Hwy,Ste.140,"Norwalk, CA 90650",(562) 860-5050,2329 Rayburn House Office Building,Washington,DC,20515-0538,S001156,D
CA39,The Honorable,Edward,R.,Royce,,http://royce.house.gov/,210 W. Birch Street,Suite 201,"Brea, CA 92821-4504",(714) 255-0101,2310 Rayburn House Office Building,Washington,DC,20515-0539,R000487,R
CA40,The Honorable,Lucille,,Roybal-Allard,,http://roybal-allard.house.gov/,500 Citadel Drive,Suite 320,"Commerce, CA 90040",(323) 721-8790,2330 Rayburn House Office Building,Washington,DC,20515-0540,R000486,D
CA42,The Honorable,Ken,,Calvert,,http://calvert.house.gov/,4160 Temescal Canyon Rd.,Ste 214,"Corona, CA 92883",(951) 277-0042,2205 Rayburn House Office Building,Washington,DC,20515-0542,C000059,R
CA43,The Honorable,Maxine,,Waters,,https://waters.house.gov/,10124 South Broadway,Suite 1,"Los Angeles, CA 90003",(323) 757-8900,2221 Rayburn House Office Building,Washington,DC,20515-0543,W000187,D
CA45,The Honorable,Mimi,,Walters,,https://walters.house.gov/,3333 Michelson Drive,Suite 230,"Irvine, CA 92612",(949) 263-8703,236 Cannon House Office Building,Washington,DC,20515-0545,W000820,R
CA47,The Honorable,Alan,S.,Lowenthal,,http://lowenthal.house.gov/,100 W. Broadway West Tower,Suite 600,"Long Beach , CA 90802",(562) 436-3828,108 Cannon House Office Building,Washington,DC,20515-0547,L000579,D
CA48,The Honorable,Dana,,Rohrabacher,,https://rohrabacher.house.gov/,101 Main Street,Suite 380,"Huntington Beach, CA 92648",(714) 960-6483,2300 Rayburn House Office Building,Washington,DC,20515-0548,R000409,R
CA49,The Honorable,Darrell,E.,Issa,,http://issa.house.gov/,1800 Thibodo Road,#310,"Vista, CA 92081",760-599-5000,2269 Rayburn House Office Building,Washington,DC,20515-0549,I000056,R
CA50,The Honorable,Duncan,,Hunter,,https://hunter.house.gov/,1611 N. Magnolia Ave.,Ste 310,"El Cajon, CA 92020",(619) 448-5201,2429 Rayburn House Office Building,Washington,DC,20515-0550,H001048,R
CA51,The Honorable,Juan,,Vargas,,http://vargas.house.gov/,380 North 8th Street,Suite 14,"El Centro, CA 92243",760-312-9900,1605 Longworth House Office Building,Washington,DC,20515-0551,V000130,D
CA52,The Honorable,Scott,H.,Peters,,http://scottpeters.house.gov/,4350 Executive Drive,Suite 105,"San Diego, CA 92121",858-455-5550,1122 Longworth House Office Building,Washington,DC,20515-0552,P000608,D
CA53,The Honorable,Susan,A.,Davis,,http://susandavis.house.gov/,2700 Adams Avenue,Suite 102,"San Diego, CA 92116",(619) 280-5353,1214 Longworth House Office Building,Washington,DC,20515-0553,D000598,D
CO01,The Honorable,Diana,,DeGette,,http://degette.house.gov/,600 Grant Street,Suite 202,"Denver, CO 80203",(303) 844-4988,2368 Rayburn House Office Building,Washington,DC,20515-0601,D000197,D
CO02,The Honorable,Jared,,Polis,,http://polis.house.gov/,1220 S. College Ave.,"Fort Collins, CO 80525",,(970) 226-1239,1433 Longworth House Office Building,Washington,DC,20515-0602,P000598,D
CO03,The Honorable,Scott,R.,Tipton,,http://tipton.house.gov/,835 E. Second Avenue,Suite 230,"Durango, CO 81301",(970) 259-1490,218 Cannon House Office Building,Washington,DC,20515-0603,T000470,R
CO04,The Honorable,Ken,,Buck,,https://buck.house.gov/,900 Castleton Rd.,Suite 112,"Castle Rock, CO 80109",(720) 639-9165,416 Cannon House Office Building,Washington,DC,20515-0604,B001297,R
CO05,The Honorable,Doug,,Lamborn,,http://lamborn.house.gov/,1125 Kelly Johnson Blvd.,Suite 330,"Colorado Springs, CO 80920",(719) 520-0055,2402 Rayburn House Office Building,Washington,DC,20515-0605,L000564,R
CO06,The Honorable,Mike,,Coffman,,http://coffman.house.gov/,3300 S. Parker Road,Cherry Creek Place IV Suite #305,"Aurora, CO 80014",720.748.7514,2443 Rayburn House Office Building,Washington,DC,20515-0606,C001077,R
CO07,The Honorable,Ed,,Perlmutter,,https://perlmutter.house.gov/,12600 West Colfax Avenue,Suite B-400,"Lakewood, CO 80215",303.274.7944,1410 Longworth House Office Building,Washington,DC,20515-0607,P000593,D
CT01,The Honorable,John,B.,Larson,,https://larson.house.gov/,221 Main Street,2nd Floor,"Hartford, CT 06106",(860) 278-8888,1501 Longworth House Office Building,Washington,DC,20515-0701,L000557,D
CT02,The Honorable,Joe,,Courtney,,https://courtney.house.gov/,55 Main Street,Suite 250,"Norwich, CT 06360",(860) 886-0139,2348 Rayburn House Office Building,Washington,DC,20515-0702,C001069,D
CT03,The Honorable,Rosa,L.,DeLauro,,https://delauro.house.gov/,59 Elm Street,"New Haven, CT 06510",,(203) 562-3718,2413 Rayburn House Office Building,Washington,DC,20515-0703,D000216,D
CT04,The Honorable,James,A.,Himes,,https://himes.house.gov/,211 State Street,2nd Floor,"Bridgeport, CT 06604",(866) 453-0028,1227 Longworth House Office Building,Washington,DC,20515-0704,H001047,D
CT05,The Honorable,Elizabeth,H.,Esty,,https://esty.house.gov/,1 Grove St.,Suite 600,"New Britain, CT 06053",(860) 223-8412,405 Cannon House Office Building,Washington,DC,20515-0705,E000293,D
DC00,The Honorable,Eleanor,Holmes,Norton,,https://norton.house.gov/,"90 K Street, NE",Suite 100,"Washington, DC 20001",(202) 408-9041,2136 Rayburn House Office Building,Washington,DC,20515-5101,N000147,D
FL03,The Honorable,Ted,S.,Yoho,,http://yoho.house.gov/,5000 NW 27th Court,Suite E,"Gainesville, FL 32606",352-505-0838,511 Cannon House Office Building,Washington,DC,20515-0903,Y000065,R
FL06,The Honorable,Ron,,DeSantis,,http://desantis.house.gov/,1000 City Center Circle,"Port Orange, FL 32129",,386-756-9798,308 Cannon House Office Building,Washington,DC,20515-0906,D000621,R
FL08,The Honorable,Bill,,Posey,,http://posey.house.gov/,2725 Judge Fran Jamieson Way,Building C,"Melbourne, FL 32940",(321) 632-1776,120 Cannon House Office Building,Washington,DC,20515-0908,P000599,R
FL10,The Honorable,Daniel,,Webster,,http://webster.house.gov/,300 West Plant Street,"Winter Garden, FL 34787",,(407) 654-5705,1039 Longworth House Office Building,Washington,DC,20515-0910,W000806,R
FL12,The Honorable,Gus,M.,Bilirakis,,https://bilirakis.house.gov/,7132 Little Road,"New Port Richey, FL 34654",,(727) 232-2921,2112 Rayburn House Office Building,Washington,DC,20515-0912,B001257,R
FL14,The Honorable,Kathy,,Castor,,http://castor.house.gov/,4144 N. Armenia Ave.,Suite 300,"Tampa, FL 33607",(813)871-2817,205 Cannon House Office Building,Washington,DC,20515-0914,C001066,D
FL15,The Honorable,Dennis,A.,Ross,,http://dennisross.house.gov/,170 Fitzgerald Road,Suite 1,"Lakeland, FL 33813",(863) 644-8215,229 Cannon House Office Building,Washington,DC,20515-0915,R000593,R
FL16,The Honorable,Vern,,Buchanan,,https://buchanan.house.gov/,1051 Manatee Ave West,Suite 305,"Bradenton, FL 34205",(941) 747-9081,2104 Rayburn House Office Building,Washington,DC,20515-0916,B001260,R
FL17,The Honorable,Thomas,J.,Rooney,,https://rooney.house.gov/,304 NW 2nd Street,Room 105,"Okeechobee, FL 34972",863-402-9082,2160 Rayburn House Office Building,Washington,DC,20515-0917,R000583,R
FL20,The Honorable,Alcee,L.,Hastings,,http://alceehastings.house.gov/,2701 W. Oakland Park Blvd,Suite 200,"Fort Lauderdale, FL 33311",(954) 733-2800,2353 Rayburn House Office Building,Washington,DC,20515-0920,H000324,D
FL21,The Honorable,Theodore,E.,Deutch,,http://teddeutch.house.gov/,7900 Glades Road,Ste. 250,"Boca Raton, FL 33434",561-470-5440,2447 Rayburn House Office Building,Washington,DC,20515-0921,D000610,D
FL22,The Honorable,Lois,,Frankel,,http://frankel.house.gov/,2500 N. Military Trail,Suite 490,"Boca Raton, FL 33431",561-998-9045,1037 Longworth House Office Building,Washington,DC,20515-0922,F000462,D
FL23,The Honorable,Debbie,,Wasserman Schultz,,https://wassermanschultz.house.gov/,10100 Pines Blvd.,"Pembroke Pines, FL 33026",,954-437-3936,1114 Longworth House Office Building,Washington,DC,20515-0923,W000797,D
FL24,The Honorable,Frederica,S.,Wilson,,https://wilson.house.gov/,18425 NW 2nd Avenue,Suite 355,"Miami Gardens, FL 33169",(305) 690-5905,208 Cannon House Office Building,Washington,DC,20515-0924,W000808,D
FL25,The Honorable,Mario,,Diaz-Balart,,http://mariodiazbalart.house.gov/,8669 NW 36th Street,Suite 100,"Doral, FL 33166",(305) 470-8555,440 Cannon House Office Building,Washington,DC,20515-0925,D000600,R
FL26,The Honorable,Carlos,,Curbelo,,http://curbelo.house.gov/,12851 SW 42nd Street,Suite 131,"Miami, FL 33175",(305) 222-0160,1429 Longworth House Office Building,Washington,DC,20515-0926,C001107,R
FL27,The Honorable,Ileana,,Ros-Lehtinen,,http://ros-lehtinen.house.gov/,4960 SW 72 Ave,Suite 208,"Miami, FL 33155",(305) 668-2285,2206 Rayburn House Office Building,Washington,DC,20515-0927,R000435,R
GA01,The Honorable,Earl,L. “Buddy”,Carter,,http://buddycarter.house.gov/,1510 Newcastle Street,Suite 200,"Brunswick, GA 31520",(912) 265-9010,432 Cannon House Office Building,Washington,DC,20515-1001,C001103,R
GA02,The Honorable,Sanford,D.,Bishop,Jr.,http://bishop.house.gov/,235 West Roosevelt Avenue,"Albany Towers, Suite 114","Albany, GA 31701",229-439-8067,2407 Rayburn House Office Building,Washington,DC,20515-1002,B000490,D
GA04,The Honorable,Henry,C. “Hank”,Johnson,Jr.,https://hankjohnson.house.gov/,5240 Snapfinger Park Drive,Suite 130,"Decatur, GA 30035",(770) 987-2291,2240 Rayburn House Office Building,Washington,DC,20515-1004,J000288,D
GA05,The Honorable,John,,Lewis,,https://johnlewis.house.gov/,100 Peachtree Street NW,Suite 1920,"Atlanta, GA 30303",(404) 659-0116,343 Cannon House Office Building,Washington,DC,20515-1005,L000287,D
GA06,The Honorable,Tom,,Price,,https://tomprice.house.gov/,85-C Mill Street,Suite 300,"Roswell, GA 30075",770-998-0049,100 Cannon House Office Building,Washington,DC,20515-1006,P000591,R
GA07,The Honorable,Rob,,Woodall,,https://woodall.house.gov/,75 Langley Dr,"Lawrenceville, GA 30046",,(770) 232-3005,1724 Longworth House Office Building,Washington,DC,20515-1007,W000810,R
GA08,The Honorable,Austin,,Scott,,https://austinscott.house.gov/,127-B N. Central Ave.,"Tifton, GA 31794",,(229) 396-5175,2417 Rayburn House Office Building,Washington,DC,20515-1008,S001189,R
GA09,The Honorable,Doug,,Collins,,https://dougcollins.house.gov/,210 Washington St NW,"Gainesville, GA 30501",,(770) 297-3388,1504 Longworth House Office Building,Washington,DC,20515-1009,C001093,R
GA10,The Honorable,Jody,B.,Hice,,https://hice.house.gov/,3015 Heritage Road,Suite 6,"Milledgeville, GA 31061",(478) 457-0007,1516 Longworth House Office Building,Washington,DC,20515-1010,H001071,R
GA11,The Honorable,Barry,,Loudermilk,,http://loudermilk.house.gov/,9898 Highway 92,Suite 100,"Woodstock, GA 30188",770-429-1776,238 Cannon House Office Building,Washington,DC,20515-1011,L000583,R
GA12,The Honorable,Rick,W.,Allen,,http://allen.house.gov/,2743 Perimeter Parkway,"Bldg. 200, Suite 225","Augusta, GA 30909",(706) 228-1980,513 Cannon House Office Building,Washington,DC,20515-1012,A000372,R
GA13,The Honorable,David,,Scott,,http://davidscott.house.gov/,173 North Main Street,"Jonesboro, GA 30236",,(770) 210-5073,225 Cannon House Office Building,Washington,DC,20515-1013,S001157,D
GA14,The Honorable,Tom,,Graves,,http://tomgraves.house.gov/,600 East First Street,Suite 301,"Rome, GA 30161",(706) 290-1776,2442 Rayburn House Office Building,Washington,DC,20515-1014,G000560,R
GU00,The Honorable,Madeleine,Z.,Bordallo,,https://bordallo.house.gov/,120 Father Duenas Avenue,Suite 107,"Hagåtña, GU 96910",671-477-4272,2441 Rayburn House Office Building,Washington,DC,20515-5301,B001245,D
HI02,The Honorable,Tulsi,,Gabbard,,http://gabbard.house.gov/,300 Ala Moana Blvd.,5-104 Prince Kuhio Bldg.,"Honolulu, HI 96850",(808) 541-1986,1609 Longworth House Office Building,Washington,DC,20515-1102,G000571,D
IA01,The Honorable,Rod,,Blum,,https://blum.house.gov/,515 Main Street,Suite D,"Cedar Falls, IA 50613",(319) 266-6925,213 Cannon House Office Building,Washington,DC,20515-1501,B001294,R
IA02,The Honorable,David,,Loebsack,,http://loebsack.house.gov/,209 West 4th Street,#104,"Davenport, IA 52801",(563) 323-5988,1527 Longworth House Office Building,Washington,DC,20515-1502,L000565,D
IA03,The Honorable,David,,Young,,https://davidyoung.house.gov/,501 5th Avenue,"Council Bluffs, IA 51503",,(712) 325-1404,515 Cannon House Office Building,Washington,DC,20515-1503,Y000066,R
IA04,The Honorable,Steve,,King,,https://steveking.house.gov/,1421 S Bell Avenue,Suite 102,"Ames, IA 50010",515.232.2885,2210 Rayburn House Office Building,Washington,DC,20515-1504,K000362,R
ID01,The Honorable,Raúl,R.,Labrador,,https://labrador.house.gov/,33 East Broadway Avenue,Suite 251,"Meridian, ID 83642",(208) 888 - 3188,1523 Longworth House Office Building,Washington,DC,20515-1201,L000573,R
ID02,The Honorable,Michael,K.,Simpson,,http://simpson.house.gov/,802 West Bannock,Suite 600,"Boise, ID 83702",208-334-1953,2312 Rayburn House Office Building,Washington,DC,20515-1202,S001148,R
IL01,The Honorable,Bobby,L.,Rush,,http://rush.house.gov/,11750 S. Western Ave.,"Chicago, IL 60643-4732",,(773) 779-2400,2188 Rayburn House Office Building,Washington,DC,20515-1301,R000515,D
IL02,The Honorable,Robin,L.,Kelly,,https://robinkelly.house.gov/,9204 S. Commercial Ave,Suite 415,"Chicago, IL 60617",(773) 321-2001,1239 Longworth House Office Building,Washington,DC,20515-1302,K000385,D
IL03,The Honorable,Daniel,,Lipinski,,https://lipinski.house.gov/,6245 South Archer Avenue,"Chicago, IL 60638",,(773) 948 - 6223,2346 Rayburn House Office Building,Washington,DC,20515-1303,L000563,D
IL04,The Honorable,Luis,V.,Gutiérrez,,https://gutierrez.house.gov/,3240 W. Fullerton Ave,"Chicago, IL 60647",,(773) 342-0774,2408 Rayburn House Office Building,Washington,DC,20515-1304,G000535,D
IL05,The Honorable,Mike,,Quigley,,https://quigley.house.gov/,3223 N. Sheffield Ave.,"Chicago, IL 60657",,(773) 267-5926,2458 Rayburn House Office Building,Washington,DC,20515-1305,Q000023,D
IL06,The Honorable,Peter,J.,Roskam,,https://roskam.house.gov/,2700 International Drive,Suite 304,"West Chicago, IL 60185",(630) 232-0006,2246 Rayburn House Office Building,Washington,DC,20515-1306,R000580,R
IL07,The Honorable,Danny,K.,Davis,,https://davis.house.gov/,2746 West Madison Street,"Chicago, Illinois 60612",,(773) 533-7520,2159 Rayburn House Office Building,Washington,DC,20515-1307,D000096,D
IL09,The Honorable,Janice,D.,Schakowsky,,https://schakowsky.house.gov/,5533 N. Broadway,"Chicago, IL 60640",,(773) 506-7100,2367 Rayburn House Office Building,Washington,DC,20515-1309,S001145,D
IL11,The Honorable,Bill,,Foster,,http://foster.house.gov/,2711 E New York Street,Suite 204,"Aurora, IL 60502",630-585-7672,1224 Longworth House Office Building,Washington,DC,20515-1311,F000454,D
IL12,The Honorable,Mike,,Bost,,https://bost.house.gov/,101 East Third Street,"Alton, IL 62002",,(618) 233-8026,1440 Longworth House Office Building,Washington,DC,20515-1312,B001295,R
IL13,The Honorable,Rodney,,Davis,,http://rodneydavis.house.gov/,2004 Fox Drive,"Champaign, IL 61820",,217.403.4690,1740 Longworth House Office Building,Washington,DC,20515-1313,D000619,R
IL14,The Honorable,Randy,,Hultgren,,http://hultgren.house.gov/,40W310 Lafox Road,#F2,"Campton Hills, IL 60175",(630) 584-2734,2455 Rayburn House Office Building,Washington,DC,20515-1314,H001059,R
IL15,The Honorable,John,,Shimkus,,https://shimkus.house.gov/,201 North Vermilion Street,Suite 218,"Danville, IL 61832",(217) 446-0664,2217 Rayburn House Office Building,Washington,DC,20515-1315,S000364,R
IL16,The Honorable,Adam,,Kinzinger,,http://kinzinger.house.gov/,628 Columbus St.,Ste. 507,"Ottawa, IL 61350",(815) 431-9271,1221 Longworth House Office Building,Washington,DC,20515-1316,K000378,R
IL17,The Honorable,Cheri,,Bustos,,https://bustos.house.gov/,3100 N. Knoxville Ave.,Suite 205,"Peoria, IL 61603",(309) 966-1813,1009 Longworth House Office Building,Washington,DC,20515-1317,B001286,D
IL18,The Honorable,Darin,,LaHood,,https://lahood.house.gov/,100 NE Monroe Street,Room 100,"Peoria, IL 61602",(309) 671-7027,2464 Rayburn House Office Building,Washington,DC,20515-1318,L000585,R
IN01,The Honorable,Peter,J.,Visclosky,,https://visclosky.house.gov/,7895 Broadway,Suite A,"Merrillville, IN 46410",(219) 795-1844,2328 Rayburn House Office Building,Washington,DC,20515-1401,V000108,D
IN02,The Honorable,Jackie,,Walorski,,http://walorski.house.gov/,202 Lincolnway East,Suite #101,"Mishawaka, IN 46544",(574) 204-2645,419 Cannon House Office Building,Washington,DC,20515-1402,W000813,R
IN04,The Honorable,Todd,,Rokita,,http://rokita.house.gov/,355 S. Washington Street,"Danville, IN 46122",,(317) 718-0404,1717 Longworth House Office Building,Washington,DC,20515-1404,R000592,R
IN05,The Honorable,Susan,W.,Brooks,,http://susanwbrooks.house.gov/,11611 N. Meridian Street,Suite 415,"Carmel, IN 46032",317-848-0201,1505 Longworth House Office Building,Washington,DC,20515-1405,B001284,R
IN06,The Honorable,Luke,,Messer,,https://messer.house.gov/,107 W. Charles St.,"Muncie, IN 47305",,765-747-5566,508 Cannon House Office Building,Washington,DC,20515-1406,M001189,R
IN07,The Honorable,André,,Carson,,http://carson.house.gov/,300 E Fall Creek Pkwy. N. Dr.,Suite 300,"Indianapolis, IN 46205",317-283-6516,2453 Rayburn House Office Building,Washington,DC,20515-1407,C001072,D
IN08,The Honorable,Larry,,Bucshon,,https://bucshon.house.gov/,420 Main Street,Suite 1402,"Evansville, IN 47708",(812) 465-6484,1005 Longworth House Office Building,Washington,DC,20515-1408,B001275,R
KS02,The Honorable,Lynn,,Jenkins,,https://lynnjenkins.house.gov/,1001 N. Broadway Street,#C,"Pittsburg, KS 66762",(620) 231-5966,1526 Longworth House Office Building,Washington,DC,20515-1602,J000290,R
KS03,The Honorable,Kevin,,Yoder,,http://yoder.house.gov/,7325 W. 79th St.,"Overland Park, KS 66204",,(913) 621-0832,215 Cannon House Office Building,Washington,DC,20515-1603,Y000063,R
KS04,The Honorable,Mike,,Pompeo,,http://pompeo.house.gov/,7701 E. Kellogg,Suite 510,"Wichita, KS 67207",(316) 262-8992,436 Cannon House Office Building,Washington,DC,20515-1604,P000602,R
KY02,The Honorable,Brett,,Guthrie,,https://guthrie.house.gov/,996 Wilkinson Trace,Suite B2,"Bowling Green, KY 42103",(270) 842-9896,2434 Rayburn House Office Building,Washington,DC,20515-1702,G000558,R
KY03,The Honorable,John,A.,Yarmuth,,https://yarmuth.house.gov/,"600 Martin Luther King, Jr. Place","Romano Mazzoli Federal Building, Suite 216","Louisville, KY 40202",502-582-5129,403 Cannon House Office Building,Washington,DC,20515-1703,Y000062,D
KY04,The Honorable,Thomas,,Massie,,https://massie.house.gov/,1700 Greenup Ave,Suite 505,"Ashland, KY 41101",(606) 324-9898,314 Cannon House Office Building,Washington,DC,20515-1704,M001184,R
KY05,The Honorable,Harold,,Rogers,,http://halrogers.house.gov/,551 Clifty Street,"Somerset, KY 42503",,606-679-8346,2406 Rayburn House Office Building,Washington,DC,20515-1705,R000395,R
KY06,The Honorable,Andy,,Barr,,https://barr.house.gov/,2709 Old Rosebud Road,"Lexington, KY 40509",,859-219-1366,1432 Longworth House Office Building,Washington,DC,20515-1706,B001282,R
LA01,The Honorable,Steve,,Scalise,,http://scalise.house.gov/,1514 Martens Drive,Suite 10,"Hammond, LA 70401",985-340-2185,2338 Rayburn House Office Building,Washington,DC,20515-1801,S001176,R
LA02,The Honorable,Cedric,L.,Richmond,,https://richmond.house.gov/,1520 Thomas H. Delpit Drive,Suite 126,"Baton Rouge, LA 70802",(225) 636-5600,240 Cannon House Office Building,Washington,DC,20515-1802,R000588,D
LA05,The Honorable,Ralph,Lee,Abraham,,https://abraham.house.gov/,426 DeSiard St.,"Monroe, LA 71201",,318.322.3500,417 Cannon House Office Building,Washington,DC,20515-1805,A000374,R
LA06,The Honorable,Garret,,Graves,,https://garretgraves.house.gov/,2351 Energy Drive,Suite 1200,"Baton Rouge, LA 70808",(225) 442-1731,204 Cannon House Office Building,Washington,DC,20515-1806,G000577,R
MA01,The Honorable,Richard,E.,Neal,,https://neal.house.gov/,78 Center St.,"Pittsfield, MA 01201",,(413) 442-0946,341 Cannon House Office Building,Washington,DC,20515-2101,N000015,D
MA02,The Honorable,James,P.,McGovern,,http://mcgovern.house.gov/,24 Church Street,Room 29,"Leominster, MA 01453",978-466-3552,438 Cannon House Office Building,Washington,DC,20515-2102,M000312,D
MA03,The Honorable,Niki,,Tsongas,,https://tsongas.house.gov/,126 John Street,Suite 12,"Lowell, MA 01852",978.459.0101,1714 Longworth House Office Building,Washington,DC,20515-2103,T000465,D
MA04,The Honorable,Joseph,P.,Kennedy,III,https://kennedy.house.gov/,8 North Main St.,Suite 200,"Attleboro, MA 02703",(508) 431-1110,306 Cannon House Office Building,Washington,DC,20515-2104,K000379,D
MA05,The Honorable,Katherine,M.,Clark,,https://katherineclark.house.gov/index.cfm/home,701 Concord Avenue,Suite 101,"Cambridge, MA 02138",(617) 354-0292,1721 Longworth House Office Building,Washington,DC,20515-2105,C001101,D
MA06,The Honorable,Seth,,Moulton,,http://moulton.house.gov/,21 Front Street,"Salem, MA 01970",,(978) 531-1669,1408 Longworth House Office Building,Washington,DC,20515-2106,M001196,D
MA07,The Honorable,Michael,E.,Capuano,,http://capuano.house.gov/,Office of Congressman Michael E. Capuano,110 First Street,"Cambridge, MA 02141",(617) 621-6208,1414 Longworth House Office Building,Washington,DC,20515-2107,C001037,D
MA08,The Honorable,Stephen,F.,Lynch,,http://lynch.house.gov/,One Harbor Street,Suite 304,"Boston, MA 02210",(617) 428-2000,2369 Rayburn House Office Building,Washington,DC,20515-2108,L000562,D
MA09,The Honorable,William,R.,Keating,,https://keating.house.gov/,297 North St.,Suite 312,"Hyannis, MA 02601",(508) 771-0666,315 Cannon House Office Building,Washington,DC,20515-2109,K000375,D
MD01,The Honorable,Andy,,Harris,,http://harris.house.gov/,100 Olde Point Village,Suite 101,"Chester, MD 21619",410-643-5425,1533 Longworth House Office Building,Washington,DC,20515-2001,H001052,R
MD02,The Honorable,C.,A. Dutch,Ruppersberger,,http://ruppersberger.house.gov/,375 West Padonia Road,"The Atrium, Suite 200","Timonium, MD 21093",410-628-2701,2416 Rayburn House Office Building,Washington,DC,20515-2002,R000576,D
MD03,The Honorable,John,P.,Sarbanes,,https://sarbanes.house.gov/,44 Calvert Street,"Arundel Center, Suite 349","Annapolis, MD 21401",(410) 295-1679,2444 Rayburn House Office Building,Washington,DC,20515-2003,S001168,D
MD05,The Honorable,Steny,H.,Hoyer,,https://hoyer.house.gov/,401 Post Office Road,Ste. 202,"Waldorf, MD 20602",(301) 843-1577,1705 Longworth House Office Building,Washington,DC,20515-2005,H000874,D
MD06,The Honorable,John,K.,Delaney,,http://delaney.house.gov/,9801 Washingtonian Boulevard,Suite 330,"Gaithersburg, MD 20878",301-926-0300,1632 Longworth House Office Building,Washington,DC,20515-2006,D000620,D
MD07,The Honorable,Elijah,E.,Cummings,,https://cummings.house.gov/,1010 Park Avenue,Suite 105,"Baltimore, MD 21201",(410) 685-9199,2230 Rayburn House Office Building,Washington,DC,20515-2007,C000984,D
ME01,The Honorable,Chellie,,Pingree,,https://pingree.house.gov/,2 Portland Fish Pier,Suite 304,"Portland, ME 04101",(207) 774-5019,2162 Rayburn House Office Building,Washington,DC,20515-1901,P000597,D
ME02,The Honorable,Bruce,,Poliquin,,https://poliquin.house.gov/,6 State Street,Suite 101,"Bangor, ME 04401",(207) 942-0583,426 Cannon House Office Building,Washington,DC,20515-1902,P000611,R
MI02,The Honorable,Bill,,Huizenga,,http://huizenga.house.gov/,1 South Harbor Ave.,Suite 6B,"Grand Haven, MI 49417",(616) 414-5516,1217 Longworth House Office Building,Washington,DC,20515-2202,H001058,R
MI03,The Honorable,Justin,,Amash,,http://amash.house.gov/,70 W Michigan Ave,Suite 212,"Battle Creek, MI 49017",(269) 205-3823,114 Cannon House Office Building,Washington,DC,20515-2203,A000367,R
MI04,The Honorable,John,R.,Moolenaar,,https://moolenaar.house.gov/,201 North Mitchell Street,Suite 301,"Cadillac, MI 49601",(231) 942-5070,117 Cannon House Office Building,Washington,DC,20515-2204,M001194,R
MI05,The Honorable,Daniel,T.,Kildee,,http://dankildee.house.gov/,111 East Court St.,#3B,"Flint, MI 48502",810-238-8627,227 Cannon House Office Building,Washington,DC,20515-2205,K000380,D
MI06,The Honorable,Fred,,Upton,,http://upton.house.gov/,350 E. Michigan Ave,"Kalamazoo, MI 49007",,(269) 385-0039,2183 Rayburn House Office Building,Washington,DC,20515-2206,U000031,R
MI07,The Honorable,Tim,,Walberg,,http://walberg.house.gov/,110 1st Street,Suite 2,"Jackson, MI 49201",(517) 780-9075,2436 Rayburn House Office Building,Washington,DC,20515-2207,W000798,R
MI08,The Honorable,Mike,,Bishop,,https://mikebishop.house.gov/,711 E. Grand River Avenue,Suite A,"Brighton, MI 48116",(810) 227-8600,428 Cannon House Office Building,Washington,DC,20515-2208,B001293,R
MI09,The Honorable,Sander,M.,Levin,,http://levin.house.gov/,27085 Gratiot Ave,"Roseville, MI 48066",,586-498-7122,1236 Longworth House Office Building,Washington,DC,20515-2209,L000263,D
MI11,The Honorable,David,A.,Trott,,https://trott.house.gov/,625 East Big Beaver Road,Suite 204,"Troy, MI 48083",(248)-528-0711,1722 Longworth House Office Building,Washington,DC,20515-2211,T000475,R
MI12,The Honorable,Debbie,,Dingell,,https://debbiedingell.house.gov/,19855 West Outer Drive,Suite 103-E,"Dearborn, MI 48124",(313) 278-2936,116 Cannon House Office Building,Washington,DC,20515-2212,D000624,D
MI13,The Honorable,John,,Conyers,Jr.,https://conyers.house.gov/,669 Federal Bldg.,231 W. Lafayette,"Detroit, MI 48226",(313) 961-5670,2426 Rayburn House Office Building,Washington,DC,20515-2213,C000714,D
MI14,The Honorable,Brenda,L.,Lawrence,,https://lawrence.house.gov/,5555 Conner Avenue,Suite 3015,"Detroit, MI 48213",(313) 423-6183,1237 Longworth House Office Building,Washington,DC,20515-2214,L000581,D
MN01,The Honorable,Timothy,J.,Walz,,https://walz.house.gov/,527 ½ South Front Street,"Mankato, MN 56001",,507-388-2149,1034 Longworth House Office Building,Washington,DC,20515-2301,W000799,D
MN03,The Honorable,Erik,,Paulsen,,https://paulsen.house.gov/,250 Prairie Center Drive,Suite 230,"Eden Prairie, MN 55344",(952) 405-8510,127 Cannon House Office Building,Washington,DC,20515-2303,P000594,R
MN04,The Honorable,Betty,,McCollum,,http://mccollum.house.gov/,165 Western Avenue North,Suite #17,"St. Paul, Minnesota 55102",(651) 224-9191,2256 Rayburn House Office Building,Washington,DC,20515-2304,M001143,D
MN05,The Honorable,Keith,,Ellison,,https://ellison.house.gov/,2100 Plymouth Avenue N,"Minneapolis, MN 55411",,(612) 522-1212,2263 Rayburn House Office Building,Washington,DC,20515-2305,E000288,D
MN06,The Honorable,Tom,,Emmer,,https://emmer.house.gov/,9201 Quaday Ave. NE,Suite 206,"Otsego, MN 55330",(763) 241-6848,503 Cannon House Office Building,Washington,DC,20515-2306,E000294,R
MN07,The Honorable,Collin,C.,Peterson,,http://collinpeterson.house.gov/,1420 East College Drive SW/WC,"Marshall, MN 56258",,507-537-2299,2204 Rayburn House Office Building,Washington,DC,20515-2307,P000258,D
MN08,The Honorable,Richard,M.,Nolan,,http://nolan.house.gov/,Brainerd City Hall,501 Laurel Street,"Brainerd, MN 56401",(218) 454-4078,2366 Rayburn House Office Building,Washington,DC,20515-2308,N000127,D
MO01,The Honorable,Wm.,Lacy,Clay,,https://lacyclay.house.gov/,1281 Graham Rd,Suite 202,"Florissant, MO 63031",(314) 383-5240,2428 Rayburn House Office Building,Washington,DC,20515-2501,C001049,D
MO02,The Honorable,Ann,,Wagner,,http://wagner.house.gov/,301 Sovereign Court,Suite 201,"Ballwin, MO 63011",(636) 779-5449,435 Cannon House Office Building,Washington,DC,20515-2502,W000812,R
MO03,The Honorable,Blaine,,Luetkemeyer,,http://luetkemeyer.house.gov/,2117 Missouri Boulevard,"Jefferson City, Mo., 65109",,(573) 635-7232,2440 Rayburn House Office Building,Washington,DC,20515-2503,L000569,R
MO04,The Honorable,Vicky,,Hartzler,,https://hartzler.house.gov/,2415 Carter Lane,Suite 4,"Columbia, MO 65201",(573) 442-9311,2235 Rayburn House Office Building,Washington,DC,20515-2504,H001053,R
MO05,The Honorable,Emanuel,,Cleaver,,http://cleaver.house.gov/,1923 Main St.,"Higginsville, MO 64037",,(660) 584-7373,2335 Rayburn House Office Building,Washington,DC,20515-2505,C001061,D
MO06,The Honorable,Sam,,Graves,,https://graves.house.gov/,906 Broadway,PO Box 364,"Hannibal, MO 63401",(573) 221-3400,1415 Longworth House Office Building,Washington,DC,20515-2506,G000546,R
MO07,The Honorable,Billy,,Long,,https://long.house.gov/,3232 E. Ridgeview St.,"Springfield, MO 65804",,(417) 889-1800,1541 Longworth House Office Building,Washington,DC,20515-2507,L000576,R
MO08,The Honorable,Jason,,Smith,,https://jasonsmith.house.gov/,2502 Tanner Drive,Suite 205,"Cape Girardeau, MO 63703",573-335-0101,1118 Longworth House Office Building,Washington,DC,20515-2508,S001195,R
MP00,The Honorable,Gregorio,Kilili Camacho,Sablan,,http://sablan.house.gov/,P.O. Box 1361,"Rota, MP 96951",,(670) 532-2647,423 Cannon House Office Building,Washington,DC,20515-5201,S001177,D
MS01,The Honorable,Trent,,Kelly,,https://trentkelly.house.gov/,318 North 7th Street,Suite D,"Columbus, MS 39701",(662) 327-0748,1427 Longworth House Office Building,Washington,DC,20515-2401,K000388,R
MS02,The Honorable,Bennie,G.,Thompson,,http://benniethompson.house.gov/,107 West Madison Street,"Bolton, MS 39041",,(601) 866-9003,2466 Rayburn House Office Building,Washington,DC,20515-2402,T000193,D
MS03,The Honorable,Gregg,,Harper,,http://harper.house.gov/,230 South Whitworth St.,"Brookhaven, MS 39601",,(601) 823-3400,307 Cannon House Office Building,Washington,DC,20515-2403,H001045,R
MS04,The Honorable,Steven,M.,Palazzo,,http://palazzo.house.gov/,970 Tommy Munro Drive,Suite D,"Biloxi, MS 39532",(228)864-7670,331 Cannon House Office Building,Washington,DC,20515-2404,P000601,R
MT00,The Honorable,Ryan,K.,Zinke,,https://zinke.house.gov/,222 North 32nd Street,Suite 900,"Billings, MT 59101",406- 969-1736,113 Cannon House Office Building,Washington,DC,20515-2600,Z000018,R
NC01,The Honorable,G.,K.,Butterfield,,http://butterfield.house.gov/,411 W. Chapel Hill Street,Suite 905,"Durham, NC 27701",(919) 908-0164,2305 Rayburn House Office Building,Washington,DC,20515-3301,B001251,D
NC03,The Honorable,Walter,B.,Jones,,http://jones.house.gov/,1105-C Corporate Drive,"Greenville, NC 27858",,252-931-1003,2333 Rayburn House Office Building,Washington,DC,20515-3303,J000255,R
NC04,The Honorable,David,E.,Price,,https://price.house.gov/,436 N. Harrington St,Suite 100,"Raleigh, NC 27603",919.859.5999,2108 Rayburn House Office Building,Washington,DC,20515-3304,P000523,D
NC05,The Honorable,Virginia,,Foxx,,http://foxx.house.gov/,400 Shadowline Dr,Suite 205,"Boone, NC 28607",(828) 265-0240,2350 Rayburn House Office Building,Washington,DC,20515-3305,F000450,R
NC06,The Honorable,Mark,,Walker,,https://walker.house.gov/,809 Green Valley Road,Suite 104,"Greensboro, NC 27408",336-333-5005,312 Cannon House Office Building,Washington,DC,20515-3306,W000819,R
NC07,The Honorable,David,,Rouzer,,https://rouzer.house.gov/,310 Government Center Drive,Unit 1,"Bolivia, NC 28422",(910) 253-6111,424 Cannon House Office Building,Washington,DC,20515-3307,R000603,R
NC08,The Honorable,Richard,,Hudson,,https://hudson.house.gov/,1015 Fayetteville Rd,"Rockingham, NC 28379",,(910) 997-2070,429 Cannon House Office Building,Washington,DC,20515-3308,H001067,R
NC09,The Honorable,Robert,,Pittenger,,https://pittenger.house.gov/,2701 Coltsgate Road,Suite 105,"Charlotte, NC 28211",(704) 362-1060,224 Cannon House Office Building,Washington,DC,20515-3309,P000606,R
NC10,The Honorable,Patrick,T.,McHenry,,http://mchenry.house.gov/,160 Midland Avenue,"Black Mountain, NC 28711",,(828) 669-0600,2334 Rayburn House Office Building,Washington,DC,20515-3310,M001156,R
NC11,The Honorable,Mark,,Meadows,,https://meadows.house.gov/,200 N. Grove Street,"Henderson County Court House, Suite 90","Hendersonville, NC 28792",(828) 693-5660,1024 Longworth House Office Building,Washington,DC,20515-3311,M001187,R
NC12,The Honorable,Alma,S.,Adams,,http://adams.house.gov/,1600 E. Wendover Ave,Suite I,"Greensboro, NC 27405",(336) 275-9950,222 Cannon House Office Building,Washington,DC,20515-3312,A000370,D
NC13,The Honorable,George,,Holding,,http://holding.house.gov/,3725 National Drive,Suite 101,"Raleigh, NC 27612",919-782-4400,507 Cannon House Office Building,Washington,DC,20515-3313,H001065,R
ND00,The Honorable,Kevin,,Cramer,,http://cramer.house.gov/,3217 Fiechtner Drive,Suite D,"Fargo, ND 58103",701-356-2216,1032 Longworth House Office Building,Washington,DC,20515-3400,C001096,R
NE01,The Honorable,Jeff,,Fortenberry,,https://fortenberry.house.gov/,P.O. Box 377,641 N. Broad Street,"Fremont, NE 68026",(402) 727-0888,1514 Longworth House Office Building,Washington,DC,20515-2701,F000449,R
NE03,The Honorable,Adrian,,Smith,,http://adriansmith.house.gov/,416 Valley View Drive,Suite 600,"Scottsbluff, NE 69361",(308) 633-6333,2241 Rayburn House Office Building,Washington,DC,20515-2703,S001172,R
NH02,The Honorable,Ann,M.,Kuster,,http://kuster.house.gov/,18 North Main Street,Fourth Floor,"Concord, NH 03301",(603) 226-1002,137 Cannon House Office Building,Washington,DC,20515-2902,K000382,D
NJ01,The Honorable,Donald,,Norcross,,https://norcross.house.gov/,10 Melrose Avenue,Suite 210,"Cherry Hill, NJ 08003",(856) 427-7000,1531 Longworth House Office Building,Washington,DC,20515-3001,N000188,D
NJ02,The Honorable,Frank,A.,LoBiondo,,http://lobiondo.house.gov/,5914 Main Street,Suite 103,"Mays Landing, NJ 08330-1746",(609) 625-5008,2427 Rayburn House Office Building,Washington,DC,20515-3002,L000554,R
NJ03,The Honorable,Thomas,,MacArthur,,https://macarthur.house.gov/,Gibson House Community Center,535 East Main Street,"Marlton, NJ 08053",(856) 267-5182,506 Cannon House Office Building,Washington,DC,20515-3003,M001193,R
NJ04,The Honorable,Christopher,H.,Smith,,http://chrissmith.house.gov/,4573 South Broad Street,"Hamilton, N.J. 08620",,(609) 585-7878,2373 Rayburn House Office Building,Washington,DC,20515-3004,S000522,R
NJ06,The Honorable,Frank,,Pallone,Jr.,https://pallone.house.gov/,504 Broadway,"Long Branch, NJ 07740",,(732) 571-1140,237 Cannon House Office Building,Washington,DC,20515-3006,P000034,D
NJ07,The Honorable,Leonard,,Lance,,http://lance.house.gov/,425 North Avenue East,"Westfield, NJ 07090",,(908) 518-7733,2352 Rayburn House Office Building,Washington,DC,20515-3007,L000567,R
NJ08,The Honorable,Albio,,Sires,,https://sires.house.gov/,800 Anna Street,"Elizabeth, NJ 07201",,(908) 820-0692,2342 Rayburn House Office Building,Washington,DC,20515-3008,S001165,D
NJ09,The Honorable,Bill,,Pascrell,Jr.,http://pascrell.house.gov/,367 Valley Brook Ave,"Lyndhurst, NJ 07071",,(201) 935-2248,2370 Rayburn House Office Building,Washington,DC,20515-3009,P000096,D
NJ10,The Honorable,Donald,M.,Payne,Jr.,http://payne.house.gov/,1455 Liberty Avenue,"Hillside, NJ 07205",,862-229-2994,103 Cannon House Office Building,Washington,DC,20515-3010,P000604,D
NJ11,The Honorable,Rodney,P.,Frelinghuysen,,https://frelinghuysen.house.gov/,30 Schuyler Place,Second Floor,"Morristown, NJ 07960",(973) 984-0711,2306 Rayburn House Office Building,Washington,DC,20515-3011,F000372,R
NJ12,The Honorable,Bonnie,,Watson Coleman,,https://watsoncoleman.house.gov/,850 Bear Tavern Road,Suite 201,"Ewing, NJ 08628",(609) 883-0026,126 Cannon House Office Building,Washington,DC,20515-3012,W000822,D
NM01,The Honorable,Michelle,,Lujan Grisham,,https://lujangrisham.house.gov/,400 Gold Avenue SW,Suite 680,"Albuquerque, NM 87102",(505) 346-6781,214 Cannon House Office Building,Washington,DC,20515-3101,L000580,D
NM02,The Honorable,Stevan,,Pearce,,http://pearce.house.gov/,1101 New York Avenue,Room 115,"Alamogordo, NM 88310",855-473-2723,2432 Rayburn House Office Building,Washington,DC,20515-3102,P000588,R
NM03,The Honorable,Ben,Ray,Luján,,https://lujan.house.gov/,1611 Calle Lorca,Suite A,"Santa Fe, NM 87505",(505) 984-8950,2446 Rayburn House Office Building,Washington,DC,20515-3103,L000570,D
NV01,The Honorable,Dina,,Titus,,https://titus.house.gov/,550 East Charleston Blvd.,Ste B,"Las Vegas, NV 89104",(702) 220-9823,401 Cannon House Office Building,Washington,DC,20515-2801,T000468,D
NV02,The Honorable,Mark,E.,Amodei,,https://amodei.house.gov/,5310 Kietzke Lane,Suite 103,"Reno, NV 89511",(775) 686-5760,332 Cannon House Office Building,Washington,DC,20515-2802,A000369,R
NY01,The Honorable,Lee,M.,Zeldin,,https://zeldin.house.gov/,31 Oak Street,Suite 20,"Patchogue, NY 11772",(631) 289-1097,1517 Longworth House Office Building,Washington,DC,20515-3201,Z000017,R
NY02,The Honorable,Peter,T.,King,,http://peteking.house.gov/,1003 Park Boulevard,"Massapequa Park, NY 11762",,(516) 541-4225,339 Cannon House Office Building,Washington,DC,20515-3202,K000210,R
NY04,The Honorable,Kathleen,M.,Rice,,http://kathleenrice.house.gov/,300 Garden City Plaza,Suite 200,"Garden City, NY 11530",(516) 739-3008,1508 Longworth House Office Building,Washington,DC,20515-3204,R000602,D
NY05,The Honorable,Gregory,W.,Meeks,,http://meeks.house.gov/,67-12 Rockaway Beach Boulevard,"Arverne, NY 11692",,(347) 230-4032,2234 Rayburn House Office Building,Washington,DC,20515-3205,M001137,D
NY06,The Honorable,Grace,,Meng,,http://meng.house.gov/,118-35 Queens Boulevard,17th Floor,"Forest Hills, NY 11375",718-358-6364,1317 Longworth House Office Building,Washington,DC,20515-3206,M001188,D
NY07,The Honorable,Nydia,M.,Velázquez,,https://velazquez.house.gov/,266 Broadway,Suite 201,"Brooklyn, NY 11211",(718) 599-3658,2302 Rayburn House Office Building,Washington,DC,20515-3207,V000081,D
NY08,The Honorable,Hakeem,S.,Jeffries,,http://jeffries.house.gov/,55 Hanson Place,Suite 603,"Brooklyn, NY 11217",(718) 237 - 2211,1607 Longworth House Office Building,Washington,DC,20515-3208,J000294,D
NY09,The Honorable,Yvette,D.,Clarke,,https://clarke.house.gov/,222 Lenox Road,Suites 1 & 2,"Brooklyn, NY 11226",(718) 287-1142,2351 Rayburn House Office Building,Washington,DC,20515-3209,C001067,D
NY10,The Honorable,Jerrold,,Nadler,,http://nadler.house.gov/,201 Varick Street,Suite 669,"New York, NY 10014",212-367-7350,2109 Rayburn House Office Building,Washington,DC,20515-3210,N000002,D
NY11,The Honorable,Daniel,M.,Donovan,Jr.,https://donovan.house.gov/,7308 13th Avenue,"Brooklyn, NY 11228",,718-630-5277,1725 Longworth House Office Building,Washington,DC,20515-3211,D000625,R
NY12,The Honorable,Carolyn,B.,Maloney,,http://maloney.house.gov/,1651 3rd Avenue,Suite 311,"New York, NY 10128-3679",212-860-0606,2308 Rayburn House Office Building,Washington,DC,20515-3212,M000087,D
NY14,The Honorable,Joseph,,Crowley,,http://crowley.house.gov/,2800 Bruckner Blvd.,Suite 201,"Bronx, NY 10465",(718) 931-1400,1436 Longworth House Office Building,Washington,DC,20515-3214,C001038,D
NY15,The Honorable,José,E.,Serrano,,https://serrano.house.gov/,1231 Lafayette Ave,4th Floor,"Bronx, NY 10474",(718) 620-0084,2227 Rayburn House Office Building,Washington,DC,20515-3215,S000248,D
NY16,The Honorable,Eliot,L.,Engel,,https://engel.house.gov/,3655 Johnson Avenue,"Bronx, NY 10463",,(718) 796-9700,2462 Rayburn House Office Building,Washington,DC,20515-3216,E000179,D
NY17,The Honorable,Nita,M.,Lowey,,https://lowey.house.gov/,67 North Main Street,#101,"New City, NY 10956",(845) 639-3485,2365 Rayburn House Office Building,Washington,DC,20515-3217,L000480,D
NY18,The Honorable,Sean,Patrick,Maloney,,http://seanmaloney.house.gov/,123 Grand Street,2nd Floor,"Newburgh, NY 12550",845-561-1259,1529 Longworth House Office Building,Washington,DC,20515-3218,M001185,D
NY20,The Honorable,Paul,,Tonko,,https://tonko.house.gov/,61 Columbia Street,4th Floor,"Albany, NY 12210",(518) 465-0700,2463 Rayburn House Office Building,Washington,DC,20515-3220,T000469,D
NY21,The Honorable,Elise,M.,Stefanik,,https://stefanik.house.gov/,136 Glen Street,"Glens Falls, NY 12801",,(518) 743-0964,512 Cannon House Office Building,Washington,DC,20515-3221,S001196,R
NY23,The Honorable,Tom,,Reed,,https://reed.house.gov/,89 W. Market Street,"Corning, NY 14830",,(607) 654-7566,2437 Rayburn House Office Building,Washington,DC,20515-3223,R000585,R
NY24,The Honorable,John,,Katko,,https://katko.house.gov/,71 Genesee St.,"Auburn, NY 13021",,(315) 253-4068,1123 Longworth House Office Building,Washington,DC,20515-3224,K000386,R
NY25,The Honorable,Louise,McIntosh,Slaughter,,https://louise.house.gov/,3120 Federal Bldg.,100 State St.,"Rochester, NY 14614",(585) 232-4850,2469 Rayburn House Office Building,Washington,DC,20515-3225,S000480,D
NY26,The Honorable,Brian,,Higgins,,http://higgins.house.gov/,640 Park Place,"Niagara Falls, NY 14301",,716-282-1274,2459 Rayburn House Office Building,Washington,DC,20515-3226,H001038,D
NY27,The Honorable,Chris,,Collins,,https://chriscollins.house.gov/,128 Main Street,"Geneseo, NY 14454",,585-519-4002,1117 Longworth House Office Building,Washington,DC,20515-3227,C001092,R
OH01,The Honorable,Steve,,Chabot,,http://chabot.house.gov/,441 Vine Street,"Cincinnati, OH 45202",,(513) 684-2723,2371 Rayburn House Office Building,Washington,DC,20515-3501,C000266,R
OH02,The Honorable,Brad,R.,Wenstrup,,http://wenstrup.house.gov/,170 North Main St.,"Peebles, OH, 45660",,(513) 605-1380,1318 Longworth House Office Building,Washington,DC,20515-3502,W000815,R
OH03,The Honorable,Joyce,,Beatty,,http://beatty.house.gov/,471 East Broad Street,Suite 1100,"Columbus, Ohio 43215",614-220-0003,133 Cannon House Office Building,Washington,DC,20515-3503,B001281,D
OH04,The Honorable,Jim,,Jordan,,http://jordan.house.gov/,3121 West Elm Plaza,"Lima, OH 45805",,(419) 999-6455,1524 Longworth House Office Building,Washington,DC,20515-3504,J000289,R
OH05,The Honorable,Robert,E.,Latta,,http://latta.house.gov/,1045 North Main St,Ste 6,"Bowling Green, OH 43402",(419) 354-8700,2448 Rayburn House Office Building,Washington,DC,20515-3505,L000566,R
OH06,The Honorable,Bill,,Johnson,,http://billjohnson.house.gov/,246 Front St.,"Marietta, OH 45750",,(740) 376-0868,1710 Longworth House Office Building,Washington,DC,20515-3506,J000292,R
OH07,The Honorable,Bob,,Gibbs,,https://gibbs.house.gov/,110 Cottage St.,"Ashland, OH 44805",,(419) 207-0650,329 Cannon House Office Building,Washington,DC,20515-3507,G000563,R
OH08,The Honorable,Warren,,Davidson,,https://davidson.house.gov/,12 S. Plum Street,"Troy, OH 45373",,(937)-339-1524,1011 Longworth House Office Building,Washington,DC,20515-3508,D000626,R
OH09,The Honorable,Marcy,,Kaptur,,https://kaptur.house.gov/,17021 Lorain,"Cleveland, OH 44111",,(216) 767-5933,2186 Rayburn House Office Building,Washington,DC,20515-3509,K000009,D
OH10,The Honorable,Michael,R.,Turner,,https://turner.house.gov/,120 West 3rd St,Ste. 305,"Dayton, OH 45402",(937) 225-2843,2239 Rayburn House Office Building,Washington,DC,20515-3510,T000463,R
OH11,The Honorable,Marcia,L.,Fudge,,https://fudge.house.gov/,4834 Richmond Road,Suite 150,"Warrensville Heights, OH 44128",(216) 522-4900,2344 Rayburn House Office Building,Washington,DC,20515-3511,F000455,D
OH12,The Honorable,Patrick,J.,Tiberi,,http://tiberi.house.gov/,250 E. Wilson Bridge Road,Suite 100,"Worthington, Ohio 43085",(614) 523-2555,1203 Longworth House Office Building,Washington,DC,20515-3512,T000462,R
OH13,The Honorable,Tim,,Ryan,,http://timryan.house.gov/,1030 Tallmadge Ave,"Akron, OH 44310",,(330) 630-7311,1421 Longworth House Office Building,Washington,DC,20515-3513,R000577,D
OH14,The Honorable,David,P.,Joyce,,https://joyce.house.gov/,1 Victoria Place,Room 320,"Painesville, OH 44077",(440) 352-3939,1124 Longworth House Office Building,Washington,DC,20515-3514,J000295,R
OH15,The Honorable,Steve,,Stivers,,http://stivers.house.gov/,3790 Municipal Way,"Hilliard, OH 43026",,(614) 771-4968,1022 Longworth House Office Building,Washington,DC,20515-3515,S001187,R
OH16,The Honorable,James,B.,Renacci,,https://renacci.house.gov/index.cfm/home,1 Park Center Drive,Suite 302,"Wadsworth, OH 44281",(330) 334-0040,328 Cannon House Office Building,Washington,DC,20515-3516,R000586,R
OK01,The Honorable,Jim,,Bridenstine,,http://bridenstine.house.gov/,2448 E. 81st St.,Suite 5150,"Tulsa, OK 74137",918-935-3222,216 Cannon House Office Building,Washington,DC,20515-3601,B001283,R
OK02,The Honorable,Markwayne,,Mullin,,https://mullin.house.gov/,1 E. Choctaw,Suite 175,"McAlester, OK 74501",(918) 423-5951,1113 Longworth House Office Building,Washington,DC,20515-3602,M001190,R
OK03,The Honorable,Frank,D.,Lucas,,http://lucas.house.gov/,10952 NW Expressway,Suite B,"Yukon, OK 73099",(405) 373-1958,2405 Rayburn House Office Building,Washington,DC,20515-3603,L000491,R
OK04,The Honorable,Tom,,Cole,,https://cole.house.gov/,100 E. 13th St,Suite 213,"Ada, OK 74820",(580) 436-5375,2467 Rayburn House Office Building,Washington,DC,20515-3604,C001053,R
OK05,The Honorable,Steve,,Russell,,https://russell.house.gov/,4600 SE 29th,Suite 400,"Del City, OK 73115",(405) 602-3074,128 Cannon House Office Building,Washington,DC,20515-3605,R000604,R
OR01,The Honorable,Suzanne,,Bonamici,,http://bonamici.house.gov/,12725 SW Millikan Way,Suite 220,"Beaverton, OR 97005",(503) 469-6010,439 Cannon House Office Building,Washington,DC,20515-3701,B001278,D
OR02,The Honorable,Greg,,Walden,,https://walden.house.gov/,14 N. Central Ave.,Suite 112,"Medford, OR 9750",(541) 776-4646,2185 Rayburn House Office Building,Washington,DC,20515-3702,W000791,R
OR03,The Honorable,Earl,,Blumenauer,,https://blumenauer.house.gov/,911 N.E. 11th Ave,Suite 200,"Portland, OR 97232",(503) 231-2300,1111 Longworth House Office Building,Washington,DC,20515-3703,B000574,D
OR04,The Honorable,Peter,A.,DeFazio,,http://defazio.house.gov/,125 Central Ave,Suite 350,"Coos Bay, OR 97420",541-269-2609,2134 Rayburn House Office Building,Washington,DC,20515-3704,D000191,D
OR05,The Honorable,Kurt,,Schrader,,http://schrader.house.gov/,544 Ferry Street SE,Ste 2,"Salem, OR 97301",(503) 588-9100,2431 Rayburn House Office Building,Washington,DC,20515-3705,S001180,D
PA01,The Honorable,Robert,A.,Brady,,http://brady.house.gov/,1350 Edgmont Avenue,Suite 2575,"Chester, PA 19013",(610) 874-7094,102 Cannon House Office Building,Washington,DC,20515-3801,B001227,D
PA02,The Honorable,Dwight,,Evans,,,,,, (215) 549-0220,,,,,,
PA03,The Honorable,Mike,,Kelly,,http://kelly.house.gov/,208 E. Bayfront Parkway,Suite 102,"Erie, PA 16507",(814) 454-8190,1519 Longworth House Office Building,Washington,DC,20515-3803,K000376,R
PA04,The Honorable,Scott,,Perry,,http://perry.house.gov/,22 Chambersburg Street,"Gettysburg, PA 17325",,717-338-1919,1207 Longworth House Office Building,Washington,DC,20515-3804,P000605,R
PA05,The Honorable,Glenn,,Thompson,,http://thompson.house.gov/,3555 Benner Pike,Suite 101,"Bellefonte, PA 16823",(814) 353-0215,124 Cannon House Office Building,Washington,DC,20515-3805,T000467,R
PA06,The Honorable,Ryan,A.,Costello,,https://costello.house.gov/,21 West Market Street,Suite 105,"West Chester, PA 19382",(610) 696-2982,427 Cannon House Office Building,Washington,DC,20515-3806,C001106,R
PA07,The Honorable,Patrick,,Meehan,,https://meehan.house.gov/,940 West Sproul Road,"Springfield, PA 19064",,(610) 690-7323,434 Cannon House Office Building,Washington,DC,20515-3807,M001181,R
PA09,The Honorable,Bill,,Shuster,,https://shuster.house.gov/,310 Penn Street,Suite 200,"Hollidaysburg, PA 16648",814.696.6318,2268 Rayburn House Office Building,Washington,DC,20515-3809,S001154,R
PA10,The Honorable,Tom,,Marino,,https://marino.house.gov/,543 Easton Turnpike,Suite 101,"Lake Ariel, PA 18436",570-689-6024,410 Cannon House Office Building,Washington,DC,20515-3810,M001179,R
PA11,The Honorable,Lou,,Barletta,,http://barletta.house.gov/,59 West Louther Street,"Carlisle, PA 17013",,(717) 249-0190,115 Cannon House Office Building,Washington,DC,20515-3811,B001269,R
PA12,The Honorable,Keith,J.,Rothfus,,https://rothfus.house.gov/,650 Corporation Street,Suite 304,"Beaver, PA 15009",(724) 359-1626,1205 Longworth House Office Building,Washington,DC,20515-3812,R000598,R
PA13,The Honorable,Brendan,F.,Boyle,,https://boyle.house.gov/,115 E. Glenside Avenue,Ste 1,"Glenside, PA 19038",(215) 517-6572,118 Cannon House Office Building,Washington,DC,20515-3813,B001296,D
PA14,The Honorable,Michael,F.,Doyle,,http://doyle.house.gov/,2637 East Carson Street,"Pittsburgh, PA 15203",,(412) 390-1499,239 Cannon House Office Building,Washington,DC,20515-3814,D000482,D
PA15,The Honorable,Charles,W.,Dent,,https://dent.house.gov/,3900 Hamilton Boulevard,Suite 207,"Allentown, PA 18103",(610) 770-3490,2211 Rayburn House Office Building,Washington,DC,20515-3815,D000604,R
PA17,The Honorable,Matt,,Cartwright,,http://cartwright.house.gov/,226 Wyoming Avenue,"Scranton, PA 18503",,570-341-1050,1419 Longworth House Office Building,Washington,DC,20515-3817,C001090,D
PA18,The Honorable,Tim,,Murphy,,https://murphy.house.gov/,504 Washington Road,"Pittsburgh, PA 15228",,(412) 344-5583,2332 Rayburn House Office Building,Washington,DC,20515-3818,M001151,R
RI01,The Honorable,David,N.,Cicilline,,http://cicilline.house.gov/,"1070 Main Street, Suite 300","Pawtucket, RI 02860",,401-729-5600,2244 Rayburn House Office Building,Washington,DC,20515-3901,C001084,D
RI02,The Honorable,James,R.,Langevin,,http://langevin.house.gov/,300 Centerville Rd,"Warwick, RI 02886",,(401) 732-9400,109 Cannon House Office Building,Washington,DC,20515-3902,L000559,D
SC01,The Honorable,Mark,,Sanford,,https://sanford.house.gov/,530 Johnnie Dodds Boulevard,Suite 201,"Mount Pleasant, SC 29464-3083",(843) 352-7572,2201 Rayburn House Office Building,Washington,DC,20515-4001,S000051,R
SC02,The Honorable,Joe,,Wilson,,http://joewilson.house.gov/,1930 University Parkway,Suite 1600,"Aiken, SC 29801",(803) 642-6416,2229 Rayburn House Office Building,Washington,DC,20515-4002,W000795,R
SC03,The Honorable,Jeff,,Duncan,,http://jeffduncan.house.gov/,303 West Beltline Blvd,"Anderson, SC 29625",,(864) 224-7401,106 Cannon House Office Building,Washington,DC,20515-4003,D000615,R
SC04,The Honorable,Trey,,Gowdy,,https://gowdy.house.gov/,104 South Main St,"Greenville, SC 29601",,(864) 241-0175,1404 Longworth House Office Building,Washington,DC,20515-4004,G000566,R
SC05,The Honorable,Mick,,Mulvaney,,https://mulvaney.house.gov/,110 Railroad Avenue,"Gaffney, SC 29340",,(864) 206-6004,2419 Rayburn House Office Building,Washington,DC,20515-4005,M001182,R
SC06,The Honorable,James,E.,Clyburn,,http://clyburn.house.gov/,130 W. Main Street,"Kingstree, S.C. 29556",,(843)355-1211,242 Cannon House Office Building,Washington,DC,20515-4006,C000537,D
SC07,The Honorable,Tom,,Rice,,http://rice.house.gov/,2411 N. Oak Street,Suite 405,"Myrtle Beach, SC 29577",(843) 445-6459,223 Cannon House Office Building,Washington,DC,20515-4007,R000597,R
SD00,The Honorable,Kristi,L.,Noem,,https://noem.house.gov/index.cfm/home,300 N. Dakota Avenue,Suite 314,"Sioux Falls, SD 57104",(605) 275-2868,2422 Rayburn House Office Building,Washington,DC,20515-4100,N000184,R
TN01,The Honorable,David,P.,Roe,,http://roe.house.gov/,205 Revere Street,"Kingsport, TN 37660",,(423) 247-8161,407 Cannon House Office Building,Washington,DC,20515-4201,R000582,R
TN02,The Honorable,John,J.,Duncan,Jr.,http://duncan.house.gov/,331 Court Street,"Maryville, TN 37804",,(865) 984-5464,2207 Rayburn House Office Building,Washington,DC,20515-4202,D000533,R
TN03,The Honorable,Charles,J. “Chuck”,Fleischmann,,http://fleischmann.house.gov/,6 East Madison Avenue,"Athens, TN 37303",,423-745-4671,230 Cannon House Office Building,Washington,DC,20515-4203,F000459,R
TN04,The Honorable,Scott,,DesJarlais,,https://desjarlais.house.gov/,301 Keith St.,Suite 212,"Cleveland, TN 37311",(423) 472-7500,413 Cannon House Office Building,Washington,DC,20515-4204,D000616,R
TN05,The Honorable,Jim,,Cooper,,http://cooper.house.gov/,605 Church Street,"Nashville, TN 37219",,(615) 736-5295,1536 Longworth House Office Building,Washington,DC,20515-4205,C000754,D
TN06,The Honorable,Diane,,Black,,http://black.house.gov/,355 North Belvedere Drive,Suite 308,"Gallatin, TN 37066",(615) 206-8204,1131 Longworth House Office Building,Washington,DC,20515-4206,B001273,R
TN07,The Honorable,Marsha,,Blackburn,,http://blackburn.house.gov/,128 North 2nd Street,Suite 202,"Clarksville, TN 37040",931-503-0391,2266 Rayburn House Office Building,Washington,DC,20515-4207,B001243,R
TN09,The Honorable,Steve,,Cohen,,https://cohen.house.gov/,167 North Main Street,"The Clifford Davis/Odell Horton Federal Building, Suite 369","Memphis, TN 38103",(901) 544-4131,2404 Rayburn House Office Building,Washington,DC,20515-4209,C001068,D
TX01,The Honorable,Louie,,Gohmert,,https://gohmert.house.gov/,1121 ESE Loop 323,Ste 206,"Tyler, TX, 75701",(903) 561-6349,2243 Rayburn House Office Building,Washington,DC,20515-4301,G000552,R
TX02,The Honorable,Ted,,Poe,,https://poe.house.gov/home,1801 Kingwood Drive,Suite 240,"Kingwood, TX 77339",(281) 446-0242,2412 Rayburn House Office Building,Washington,DC,20515-4302,P000592,R
TX03,The Honorable,Sam,,Johnson,,http://samjohnson.house.gov/,1255 W 15th Street,Suite 170,"Plano, Texas 75075",(469) 304-0382,2304 Rayburn House Office Building,Washington,DC,20515-4303,J000174,R
TX04,The Honorable,John,,Ratcliffe,,https://ratcliffe.house.gov/,6531 Horizon Road,Suite A,"Rockwall, TX 75032",(972) 771-0100,325 Cannon House Office Building,Washington,DC,20515-4304,R000601,R
TX05,The Honorable,Jeb,,Hensarling,,http://hensarling.house.gov/,810 East Corsicana Street,Suite C,"Athens, TX 75751",(903) 675-8288,2228 Rayburn House Office Building,Washington,DC,20515-4305,H001036,R
TX06,The Honorable,Joe,,Barton,,https://joebarton.house.gov/,2106 A W. Ennis Ave.,"Ennis, Texas 75119",,(972) 875-8488,2107 Rayburn House Office Building,Washington,DC,20515-4306,B000213,R
TX07,The Honorable,John,Abney,Culberson,,http://culberson.house.gov/,10000 Memorial Drive,Suite 620,"Houston, TX 77024",(713) 682-8828,2372 Rayburn House Office Building,Washington,DC,20515-4307,C001048,R
TX08,The Honorable,Kevin,,Brady,,http://kevinbrady.house.gov/,200 River Point,Ste 304,"Conroe, TX 77304",(936) 441-5700,301 Cannon House Office Building,Washington,DC,20515-4308,B000755,R
TX09,The Honorable,Al,,Green,,http://algreen.house.gov/,3003 South Loop West,Suite 460,"Houston, TX 77054",713-383-9234,2347 Rayburn House Office Building,Washington,DC,20515-4309,G000553,D
TX10,The Honorable,Michael,T.,McCaul,,http://mccaul.house.gov/,9009 Mountain Ridge Drive,"Austin Building, Suite 230","Austin, TX 78759",512-473-2357,131 Cannon House Office Building,Washington,DC,20515-4310,M001157,R
TX11,The Honorable,K.,Michael,Conaway,,http://conaway.house.gov/,6 Desta Drive,Suite 2000,"Midland, TX 79705",(432) 687-2390,2430 Rayburn House Office Building,Washington,DC,20515-4311,C001062,R
TX12,The Honorable,Kay,,Granger,,http://kaygranger.house.gov/,1701 River Run Road,Suite 407,"Fort Worth, TX 76107",(817) 338-0909,1026 Longworth House Office Building,Washington,DC,20515-4312,G000377,R
TX13,The Honorable,Mac,,Thornberry,,http://thornberry.house.gov/,620 South Taylor Street,Suite 200,"Amarillo, Texas 79101",(806) 371-8844,2208 Rayburn House Office Building,Washington,DC,20515-4313,T000238,R
TX14,The Honorable,Randy,K.,Weber,Sr.,http://weber.house.gov/,505 Orleans Street,Suite 103,"Beaumont, TX 77701",409-835-0108,510 Cannon House Office Building,Washington,DC,20515-4314,W000814,R
TX16,The Honorable,Beto,,O’Rourke,,http://orourke.house.gov/,303 N Oregon St,Suite 210,"El Paso, TX 79901",915-541-1400,1330 Longworth House Office Building,Washington,DC,20515-4316,O000170,D
TX17,The Honorable,Bill,,Flores,,http://flores.house.gov/,400 Austin Avenue,Suite 302,"Waco, TX 76701",(254) 732-0748,1030 Longworth House Office Building,Washington,DC,20515-4317,F000461,R
TX18,The Honorable,Sheila,,Jackson Lee,,http://jacksonlee.house.gov/,6719 West Montgomery,Suite 204,"Houston, TX 77091",(713) 691-4882,2252 Rayburn House Office Building,Washington,DC,20515-4318,J000032,D
TX20,The Honorable,Joaquin,,Castro,,https://castro.house.gov/,727 E. Cesar E. Chavez Blvd,Suite B-128,"San Antonio, TX 78206",210-348-8216,212 Cannon House Office Building,Washington,DC,20515-4320,C001091,D
TX21,The Honorable,Lamar,,Smith,,http://lamarsmith.house.gov/,2211 South IH-35,Suite 106,"Austin, TX 78741",512-912-7508,2409 Rayburn House Office Building,Washington,DC,20515-4321,S000583,R
TX22,The Honorable,Pete,,Olson,,https://olson.house.gov/,22333 Grand Corner Dr.,Suite 151,"Katy, TX 77494",(281) 889-7134,2133 Rayburn House Office Building,Washington,DC,20515-4322,O000168,R
TX23,The Honorable,Will,,Hurd,,https://hurd.house.gov/,1104 West 10th,"Del Rio, TX 78840",,830-422-2040,317 Cannon House Office Building,Washington,DC,20515-4323,H001073,R
TX24,The Honorable,Kenny,,Marchant,,https://marchant.house.gov/,9901 E. Valley Ranch Pkwy.,STE 2060,"Irving, TX 75063",972.556.0162,2313 Rayburn House Office Building,Washington,DC,20515-4324,M001158,R
TX25,The Honorable,Roger,,Williams,,http://williams.house.gov/,1005 Congress Avenue,Suite 925,"Austin, TX 78701",(512) 473-8910,1323 Longworth House Office Building,Washington,DC,20515-4325,W000816,R
TX26,The Honorable,Michael,C.,Burgess,,http://burgess.house.gov/,2000 South Stemmons Freeway,Suite 200,"Lake Dallas, TX 75065",(940) 497-5031,2336 Rayburn House Office Building,Washington,DC,20515-4326,B001248,R
TX27,The Honorable,Blake,,Farenthold,,http://farenthold.house.gov/,101 N. Shoreline Blvd,Suite 300,"Corpus Christi, TX 78401",(361) 884-2222,1027 Longworth House Office Building,Washington,DC,20515-4327,F000460,R
TX28,The Honorable,Henry,,Cuellar,,http://cuellar.house.gov/,602 E. Calton Road,Suite 2,"Laredo, TX 78041",(956) 725-0639,2209 Rayburn House Office Building,Washington,DC,20515-4328,C001063,D
TX29,The Honorable,Gene,,Green,,https://green.house.gov/,11811 East Freeway,Suite 430,"Houston, TX 77029-1974",(713) 330-0761,2470 Rayburn House Office Building,Washington,DC,20515-4329,G000410,D
TX30,The Honorable,Eddie,Bernice,Johnson,,http://ebjohnson.house.gov/,3102 Maple Avenue,Suite 600,"Dallas, TX 75201",(214) 922-8885,2468 Rayburn House Office Building,Washington,DC,20515-4330,J000126,D
TX31,The Honorable,John,R.,Carter,,https://carter.house.gov/,1717 North IH 35,"Round Rock, TX 78664",,(512) 246-1600,2110 Rayburn House Office Building,Washington,DC,20515-4331,C001051,R
TX32,The Honorable,Pete,,Sessions,,https://sessions.house.gov/,Park Central VII 12750 Merit Drive,Suite 1434,"Dallas, TX 75251-1229",972.392.0505,2233 Rayburn House Office Building,Washington,DC,20515-4332,S000250,R
TX33,The Honorable,Marc,A.,Veasey,,http://veasey.house.gov/,1881 Sylvan Ave.,"JP Morgan Chase Building, Ste. 108","Dallas, TX 75208",(214) 741-1387,414 Cannon House Office Building,Washington,DC,20515-4333,V000131,D
TX34,The Honorable,Filemon,,Vela,,https://vela.house.gov/,500 East Main,"Alice, TX 78332",,(361) 230-9776,437 Cannon House Office Building,Washington,DC,20515-4334,V000132,D
TX35,The Honorable,Lloyd,,Doggett,,https://doggett.house.gov/,217 W. Travis St.,"San Antonio, TX 78205",,(210) 704-1080,2307 Rayburn House Office Building,Washington,DC,20515-4335,D000399,D
TX36,The Honorable,Brian,,Babin,,http://babin.house.gov/,203 Ivy Avenue,Suite 600,"Deer Park, TX 77536",(832) 780-0966,316 Cannon House Office Building,Washington,DC,20515-4336,B001291,R
UT01,The Honorable,Rob,,Bishop,,http://robbishop.house.gov/,1017 Federal Building,324 25th Street,"Ogden, UT 84401",801-625-0107,123 Cannon House Office Building,Washington,DC,20515-4401,B001250,R
UT02,The Honorable,Chris,,Stewart,,http://stewart.house.gov/,420 East South Temple,#390,"Salt Lake City, UT 84111",801-364-5550,323 Cannon House Office Building,Washington,DC,20515-4402,S001192,R
UT03,The Honorable,Jason,,Chaffetz,,https://chaffetz.house.gov/,51 S University Ave.,Suite 318,"Provo, UT 84601",(801) 851-2500,2236 Rayburn House Office Building,Washington,DC,20515-4403,C001076,R
UT04,The Honorable,Mia,B.,Love,,https://love.house.gov/,9067 South 1300 West,Suite101,"West Jordan, UT 84088",801-996-8729,217 Cannon House Office Building,Washington,DC,20515-4404,L000584,R
VA01,The Honorable,Robert,J.,Wittman,,http://wittman.house.gov/,95 Dunn Drive,Ste. 201,"Stafford, Virginia 22556",(540) 659-2734,2454 Rayburn House Office Building,Washington,DC,20515-4601,W000804,R
VA03,The Honorable,Robert,C. “Bobby”,Scott,,http://bobbyscott.house.gov/,2600 Washington Ave.,Suite 1010,"Newport News, VA 23607",(757) 380-1000,1201 Longworth House Office Building,Washington,DC,20515-4603,S000185,D
VA06,The Honorable,Bob,,Goodlatte,,https://goodlatte.house.gov/,70 North Mason Street,"Harrisonburg, VA 22802",,(540) 432-2391,2309 Rayburn House Office Building,Washington,DC,20515-4606,G000289,R
VA07,The Honorable,Dave,,Brat,,http://brat.house.gov/,4201 Dominion Blvd,Suite 110,"Glen Allen, VA 23060",(804) 747-4073,330 Cannon House Office Building,Washington,DC,20515-4607,B001290,R
VA08,The Honorable,Donald,S.,Beyer,Jr.,http://beyer.house.gov/,5285 Shawnee Road,Suite 250,"Alexandria, VA 22312",(703) 658-5403,431 Cannon House Office Building,Washington,DC,20515-4608,B001292,D
VA09,The Honorable,H.,Morgan,Griffith,,http://morgangriffith.house.gov/,323 West Main Street,"Abingdon, VA 24210",,(276) 525-1405,1108 Longworth House Office Building,Washington,DC,20515-4609,G000568,R
VA10,The Honorable,Barbara,,Comstock,,https://comstock.house.gov/,21430 Cedar Drive,"Sterling, VA 20164","Sterling, VA 20164",(703) 404-6903,226 Cannon House Office Building,Washington,DC,20515-4610,C001105,R
VA11,The Honorable,Gerald,E.,Connolly,,https://connolly.house.gov/,4115 Annandale Road,Ste. 103,"Annandale, VA 22003",(703) 256-3071,2238 Rayburn House Office Building,Washington,DC,20515-4611,C001078,D
VI00,The Honorable,Stacey,E.,Plaskett,,https://plaskett.house.gov/,60 King Street,"Frederiksted, VI 00840",,(340) 778-5900,509 Cannon House Office Building,Washington,DC,20515-5500,P000610,D
VT00,The Honorable,Peter,,Welch,,https://welch.house.gov/,128 Lakeside Ave,Suite 235,"Burlington, VT 05401",(802) 652-2450,2303 Rayburn House Office Building,Washington,DC,20515-4500,W000800,D
WA01,The Honorable,Suzan,K.,DelBene,,https://delbene.house.gov/,204 W. Montgomery Street,"Mount Vernon, WA 98273",,(360) 416-7879,318 Cannon House Office Building,Washington,DC,20515-4701,D000617,D
WA02,The Honorable,Rick,,Larsen,,http://larsen.house.gov/,119 North Commercial Street,Suite 1350,"Bellingham, WA 98225",360-733-4500,2113 Rayburn House Office Building,Washington,DC,20515-4702,L000560,D
WA03,The Honorable,Jaime,,Herrera Beutler,,http://herrerabeutler.house.gov/,750 Anderson Street,"O.O. Howard House (Officers’ Row), Suite B","Vancouver, WA 98661",(360) 695-6292,1130 Longworth House Office Building,Washington,DC,20515-4703,H001056,R
WA04,The Honorable,Dan,,Newhouse,,https://newhouse.house.gov/,402 E. Yakima Ave,Suite #445,"Yakima, WA 98901",(509) 452-3243,1641 Longworth House Office Building,Washington,DC,20515-4704,N000189,R
WA05,The Honorable,Cathy,,McMorris Rodgers,,https://mcmorris.house.gov/,555 South Main Street,"Colville, WA 99114",,509-684-3481,203 Cannon House Office Building,Washington,DC,20515-4705,M001159,R
WA06,The Honorable,Derek,,Kilmer,,https://kilmer.house.gov/,950 Pacific Avenue,Suite 1230,"Tacoma, WA 98402",(253) 272-3515,1520 Longworth House Office Building,Washington,DC,20515-4706,K000381,D
WA08,The Honorable,David,G.,Reichert,,http://reichert.house.gov/,5 South Wenatchee Ave,Suite 315,"Wenatchee, WA 98801",(509)885-6615,1127 Longworth House Office Building,Washington,DC,20515-4708,R000578,R
WA09,The Honorable,Adam,,Smith,,https://adamsmith.house.gov/,101 Evergreen Building,15 S. Grady Way,"Renton, WA 98057",(425) 793-5180,2264 Rayburn House Office Building,Washington,DC,20515-4709,S000510,D
WA10,The Honorable,Denny,,Heck,,http://dennyheck.house.gov/,1423 E 29th St,Ste. 203,"Tacoma, WA 98404",(253) 722-5860,425 Cannon House Office Building,Washington,DC,20515-4710,H001064,D
WI01,The Honorable,Paul,D.,Ryan,,http://paulryan.house.gov/,20 South Main Street,Suite 10,"Janesville, WI 53545",(608) 752-4050,1233 Longworth House Office Building,Washington,DC,20515-4901,R000570,R
WI02,The Honorable,Mark,,Pocan,,http://pocan.house.gov/,100 State Street,3rd floor,"Beloit, WI 53511",(608) 365-8001,313 Cannon House Office Building,Washington,DC,20515-4902,P000607,D
WI03,The Honorable,Ron,,Kind,,https://kind.house.gov/,205 Fifth Avenue S.,Suite 400,"La Crosse, WI 54601",(608) 782-2558,1502 Longworth House Office Building,Washington,DC,20515-4903,K000188,D
WI04,The Honorable,Gwen,,Moore,,https://gwenmoore.house.gov/,316 N Milwaukee St,STE 406,"Milwaukee, WI 53202",(414) 297-1140,2245 Rayburn House Office Building,Washington,DC,20515-4904,M001160,D
WI05,The Honorable,F.,James,Sensenbrenner,Jr.,http://sensenbrenner.house.gov/,120 Bishops Way,#154,"Brookfield, WI 53005",(262) 784-1111,2449 Rayburn House Office Building,Washington,DC,20515-4905,S000244,R
WI06,The Honorable,Glenn,,Grothman,,http://grothman.house.gov/,1020 South Main Street,Suite B,"Fond du Lac, WI 54935",(920) 907-0624,501 Cannon House Office Building,Washington,DC,20515-4906,G000576,R
WI07,The Honorable,Sean,P.,Duffy,,https://duffy.house.gov/,502 2nd St.,Suite 202,"Hudson, WI 54016",715-808-8160,1208 Longworth House Office Building,Washington,DC,20515-4907,D000614,R
WV01,The Honorable,David,B.,McKinley,,https://mckinley.house.gov/,709 Beechurst Ave.,Suite 29,"Morgantown, WV 26505",304.284.8506,412 Cannon House Office Building,Washington,DC,20515-4801,M001180,R
WV02,The Honorable,Alexander,X.,Mooney,,https://mooney.house.gov/,405 Capitol Street,Suite 514,"Charleston, WV 25301",(304) 925-5964,1232 Longworth House Office Building,Washington,DC,20515-4802,M001195,R
WV03,The Honorable,Evan,H.,Jenkins,,https://evanjenkins.house.gov/,223 Prince St.,"Beckley, WV 25801",,(304) 250-6177,502 Cannon House Office Building,Washington,DC,20515-4803,J000297,R